{"LCS": 1.1486230142769478, "CBLOL": 1.0, "LCK": 1.5, "LCL": 1.033401335330241, "LCO": 1.0947024740924838, "LEC": 1.0815227146214688, "LJL": 1.0300405469778726, "LLA": 1.0147521741831906, "LPL": 1.3900411602555196, "PCS": 1.1162827649702858, "TCL": 1.2233524865622212, "EMEA Masters": 1.2233524865622212}