{"LCS": 1.2155458325850992, "CBLOL": 1.0706776135246983, "LCK": 1.5, "LCL": 1.0062303450075967, "LCO": 1.1255548935989745, "LEC": 1.1656846092747246, "LJL": 1.0659447914967046, "LLA": 1.0, "LPL": 1.4602003688875094, "PCS": 1.221224966942677, "TCL": 1.096178512154436, "EMEA Masters": 1.142412064274607}