{"LCS": 1.1820470017607159, "CBLOL": 1.0219502797267028, "LCK": 1.5, "LCL": 1.0422096025116512, "LCO": 1.0259583512762183, "LEC": 1.1315107338039578, "LJL": 1.0603321229817415, "LLA": 1.0130146544056289, "LPL": 1.3700706995549388, "PCS": 1.0997300619820083, "TCL": 1.0, "VCS": 1.0389525013631633, "EMEA Masters": 1.0148212348516876}