{"LCS": 1.2045836909317145, "CBLOL": 1.0494630366586064, "LCK": 1.5, "LCL": 1.0634969470982731, "LCO": 1.054058473507089, "LEC": 1.153159303627434, "LJL": 1.021922336907667, "LLA": 1.0379967774838577, "LPL": 1.438363663732238, "PCS": 1.1287885594120766, "TCL": 1.0230658402330612, "VCS": 1.0, "EMEA Masters": 1.0326068947431712}